,instance,maxNBHsize,average best distance
0,lc108.txt,45,644.3098711080133
1,lr112.txt,45,1036.474307327111
2,lrc206.txt,45,1378.3983898714298
3,lr205.txt,45,1169.6054460069547
4,r102C18.txt,45,249.01763103719506
5,lrc104.txt,45,1193.572947753933
6,rc204C16.txt,45,298.4780556745738
7,lc207.txt,45,643.4256691007829
8,c202C16.txt,45,402.34849458287033
9,lc102.txt,45,617.9564355228796
