,inst,best Combination,cost,cpuTime
0,lc108.csv,"(4, 2)",573.0266546816385,6
1,lr112.csv,"(1, 3)",947.3744219760201,19
2,lrc206.csv,"(3, 3)",1235.2794272339675,51
3,lr205.csv,"(3, 3)",1097.362675048167,66
4,r102C18.csv,"(3, 1)",249.01763103719503,0
5,lrc104.csv,"(4, 3)",1016.266912955642,6
6,rc204C16.csv,"(1, 1)",298.4780556745738,0
7,lc207.csv,"(4, 1)",545.2385598941646,5
8,c202C16.csv,"(4, 1)",402.34849458287033,0
9,lc102.csv,"(3, 2)",570.0122521260378,19
