,destroyOpr,repairOpr,cost,cpuTime
0,1,1,1754.3566272032015,4
1,1,2,1296.2661458386813,42
2,1,3,1237.4516546510201,46
3,2,1,1805.7242550134029,4
4,2,2,1402.9051045465387,39
5,2,3,1239.4274967810372,50
6,3,1,1549.4281562013089,5
7,3,2,1318.6817842854236,47
8,3,3,1235.2794272339675,51
9,4,1,1674.911742665582,5
10,4,2,1285.7501175381042,20
11,4,3,1627.1333562763332,14
