,destroyOpr,repairOpr,cost,cpuTime
0,1,1,1267.2262656459766,1
1,1,2,1058.8942945602414,16
2,1,3,1019.8761554880678,17
3,2,1,1267.2262656459766,1
4,2,2,1068.0126755712943,18
5,2,3,1126.6986833995218,18
6,3,1,1229.8551106586203,1
7,3,2,1067.0656462043085,17
8,3,3,1075.672546588572,19
9,4,1,1267.2262656459766,1
10,4,2,1155.134797842426,6
11,4,3,1034.0111703375246,5
