,destroyOpr,repairOpr,cost,cpuTime
0,1,1,1108.7180130329068,1
1,1,2,962.548924245645,19
2,1,3,940.5604213419273,19
3,2,1,1108.7180130329068,1
4,2,2,972.7971452039635,19
5,2,3,974.6518920556899,21
6,3,1,1075.9440182880223,2
7,3,2,1020.1900556206339,18
8,3,3,989.3324865510106,19
9,4,1,1108.7180130329068,1
10,4,2,1059.22340664015,5
11,4,3,953.709768664684,5
