,destroyOpr,repairOpr,cost,cpuTime
0,1,1,1541.4376179321955,5
1,1,2,1179.6230642795913,49
2,1,3,1151.9956119425217,48
3,2,1,1541.4376179321955,5
4,2,2,1267.8185471883996,52
5,2,3,1199.0551042034817,51
6,3,1,1541.4376179321955,5
7,3,2,1208.4903120093265,66
8,3,3,1097.362675048167,66
9,4,1,1541.4376179321955,5
10,4,2,1494.3616578685937,20
11,4,3,1335.9561646540096,14
