,destroyOpr,repairOpr,cost,cpuTime
0,1,1,1108.7180130329068,1
1,1,2,1008.2438103233967,17
2,1,3,947.3744219760201,19
3,2,1,1108.7180130329068,1
4,2,2,1006.8074218136337,19
5,2,3,974.6518920556899,21
6,3,1,1075.9440182880223,2
7,3,2,1024.4772360169814,19
8,3,3,961.3043308625686,20
9,4,1,1108.7180130329068,1
10,4,2,982.6247702809286,5
11,4,3,952.409675540195,6
