,destroyOpr,repairOpr,cost,cpuTime
0,1,1,828.9206328602108,1
1,1,2,590.8477802451732,17
2,1,3,635.4352365323133,16
3,2,1,858.5238962532252,1
4,2,2,681.3525255037185,17
5,2,3,686.4099669407179,20
6,3,1,771.2662820994339,2
7,3,2,570.0122521260378,20
8,3,3,572.5440969533188,19
9,4,1,788.0572621103518,1
10,4,2,572.8610053736404,6
11,4,3,610.6970897704244,5
