,destroyOpr,repairOpr,cost,cpuTime
0,1,1,666.850825918867,6
1,1,2,605.2830970631853,62
2,1,3,593.4273356091143,64
3,2,1,666.850825918867,6
4,2,2,573.8320890379745,94
5,2,3,553.0318185261619,98
6,3,1,666.850825918867,7
7,3,2,551.2332668821705,86
8,3,3,619.7278265236968,67
9,4,1,545.2385598941646,5
10,4,2,549.8696414815433,23
11,4,3,640.6056022481389,26
