,destroyOpr,repairOpr,cost,cpuTime
0,1,1,959.4807728429288,1
1,1,2,591.3900514391186,18
2,1,3,575.7877261720758,19
3,2,1,959.4807728429288,1
4,2,2,762.2264045470845,19
5,2,3,646.7163387794607,22
6,3,1,880.3767938361528,1
7,3,2,624.4303189345131,21
8,3,3,578.010613319042,20
9,4,1,939.4654229263289,1
10,4,2,573.0266546816385,5
11,4,3,592.3753593503227,6
